commit,author,file,line,depth,length,datetime,timezone,type,time
a1b2c3,You,src/app.js,1,0,42,2024-09-28T09:10:00.000Z,+00:00,js,09:10
a1b2c3,You,src/app.js,2,1,42,2024-09-28T09:10:00.000Z,+00:00,js,09:10
a1b2c3,You,src/styles.css,1,0,19,2024-09-28T09:10:00.000Z,+00:00,css,09:10
a1b2c3,You,src/styles.css,2,1,19,2024-09-28T09:10:00.000Z,+00:00,css,09:10
a1b2c3,You,README.md,1,0,12,2024-09-28T09:10:00.000Z,+00:00,md,09:10

d4e5f6,You,src/utils.js,1,0,25,2024-09-29T16:45:00.000Z,+00:00,js,16:45
d4e5f6,You,src/utils.js,2,1,25,2024-09-29T16:45:00.000Z,+00:00,js,16:45
d4e5f6,You,src/lib/config.json,1,0,8,2024-09-29T16:45:00.000Z,+00:00,json,16:45
d4e5f6,You,src/lib/config.json,2,1,8,2024-09-29T16:45:00.000Z,+00:00,json,16:45
d4e5f6,You,src/styles.css,3,2,24,2024-09-29T16:45:00.000Z,+00:00,css,16:45

g7h8i9,You,src/routes/meta/+page.svelte,1,0,58,2024-09-30T01:20:00.000Z,+00:00,svelte,01:20
g7h8i9,You,src/routes/meta/+page.svelte,2,1,58,2024-09-30T01:20:00.000Z,+00:00,svelte,01:20
g7h8i9,You,src/app.js,3,2,51,2024-09-30T01:20:00.000Z,+00:00,js,01:20
g7h8i9,You,src/app.js,4,2,51,2024-09-30T01:20:00.000Z,+00:00,js,01:20
g7h8i9,You,src/styles.css,4,2,31,2024-09-30T01:20:00.000Z,+00:00,css,01:20

j1k2l3,You,src/routes/projects/+page.svelte,1,0,44,2024-10-01T07:30:00.000Z,+00:00,svelte,07:30
j1k2l3,You,src/routes/projects/+page.svelte,2,1,44,2024-10-01T07:30:00.000Z,+00:00,svelte,07:30
j1k2l3,You,src/utils.js,5,2,33,2024-10-01T07:30:00.000Z,+00:00,js,07:30
j1k2l3,You,src/lib/config.json,3,1,10,2024-10-01T07:30:00.000Z,+00:00,json,07:30
j1k2l3,You,README.md,2,0,15,2024-10-01T07:30:00.000Z,+00:00,md,07:30

m4n5o6,You,src/routes/contact/+page.svelte,1,0,22,2024-10-02T19:15:00.000Z,+00:00,svelte,19:15
m4n5o6,You,src/routes/contact/+page.svelte,2,1,22,2024-10-02T19:15:00.000Z,+00:00,svelte,19:15
m4n5o6,You,src/app.js,6,2,63,2024-10-02T19:15:00.000Z,+00:00,js,19:15
m4n5o6,You,src/styles.css,5,2,36,2024-10-02T19:15:00.000Z,+00:00,css,19:15
m4n5o6,You,src/lib/config.json,4,1,12,2024-10-02T19:15:00.000Z,+00:00,json,19:15

p7q8r9,You,src/app.js,7,2,74,2024-10-03T03:05:00.000Z,+00:00,js,03:05
p7q8r9,You,src/utils.js,6,2,41,2024-10-03T03:05:00.000Z,+00:00,js,03:05
p7q8r9,You,src/routes/meta/+page.svelte,3,1,66,2024-10-03T03:05:00.000Z,+00:00,svelte,03:05
p7q8r9,You,src/styles.css,6,2,40,2024-10-03T03:05:00.000Z,+00:00,css,03:05
p7q8r9,You,README.md,3,0,18,2024-10-03T03:05:00.000Z,+00:00,md,03:05

s1t2u3,You,src/routes/meta/+page.svelte,4,2,72,2024-10-04T12:40:00.000Z,+00:00,svelte,12:40
s1t2u3,You,src/routes/meta/+page.svelte,5,2,72,2024-10-04T12:40:00.000Z,+00:00,svelte,12:40
s1t2u3,You,src/app.js,8,3,81,2024-10-04T12:40:00.000Z,+00:00,js,12:40
s1t2u3,You,src/utils.js,7,2,47,2024-10-04T12:40:00.000Z,+00:00,js,12:40
s1t2u3,You,src/styles.css,7,2,44,2024-10-04T12:40:00.000Z,+00:00,css,12:40

v4w5x6,You,src/app.js,9,3,95,2024-10-05T23:54:00.000Z,+00:00,js,23:54
v4w5x6,You,src/utils.js,8,2,55,2024-10-05T23:54:00.000Z,+00:00,js,23:54
v4w5x6,You,src/routes/projects/+page.svelte,3,1,52,2024-10-05T23:54:00.000Z,+00:00,svelte,23:54
v4w5x6,You,src/styles.css,8,2,49,2024-10-05T23:54:00.000Z,+00:00,css,23:54
v4w5x6,You,README.md,4,0,22,2024-10-05T23:54:00.000Z,+00:00,md,23:54

